Timestamp,Operator,URL,Issue
2026-09-27T08:27:29.469044+02:00,KT_SG,https://services.geo.sg.ch/wss/service/SG00104_WFS/guest?REQUEST=GetCapabilities,"GET requested yielded HTTP response status code 404"
2026-09-27T08:27:29.952857+02:00,KT_SG,https://services.geo.sg.ch/wss/service/SG00104_WMS/guest?REQUEST=GetCapabilities,"GET requested yielded HTTP response status code 404"
2026-09-27T08:27:30.444536+02:00,KT_SG,https://services.geo.sg.ch/wss/service/SG00105_WFS/guest?REQUEST=GetCapabilities,"GET requested yielded HTTP response status code 404"
2026-09-27T08:27:30.935428+02:00,KT_SG,https://services.geo.sg.ch/wss/service/SG00105_WMS/guest?REQUEST=GetCapabilities,"GET requested yielded HTTP response status code 404"
2026-09-27T08:27:31.417316+02:00,KT_SG,https://services.geo.sg.ch/wss/service/SG00097_WFS/guest?REQUEST=GetCapabilities,"GET requested yielded HTTP response status code 404"
2026-09-27T08:27:31.894847+02:00,KT_SG,https://services.geo.sg.ch/wss/service/SG00097_WMS/guest?REQUEST=GetCapabilities,"GET requested yielded HTTP response status code 404"
2026-09-27T08:27:39.834280+02:00,KT_SG,https://services.geo.sg.ch/wss/service/SG00008_WMS/guest?REQUEST=GetCapabilities,"GET requested yielded HTTP response status code 404"
2026-09-27T08:30:08.997318+02:00,KT_SG,https://services.geo.sg.ch/wss/service/SG00038_WMS/guest?REQUEST=GetCapabilities,"GET requested yielded HTTP response status code 404"
2026-09-27T08:32:38.950871+02:00,KT_SG,https://services.geo.sg.ch/wss/service/SG00019_WMS/guest?REQUEST=GetCapabilities,"GET requested yielded HTTP response status code 403"
